company_id,company_name,sector,country,predicted_default_probability,risk_rating,explanation
1001,Aster Holdings #0001,Manufacturing,Netherlands,0.1515,Low,"Aster Holdings #0001 has a relatively low default risk, with an estimated probability of default (PD) of 15.1%, driven by its strong cash ratio and EBITDA margin, which both lower its risk profile. However, the company's debt-to-coverage ratio raises concerns, and its exposure to volatile commodity prices and high customer concentration also pose potential risks. Overall, the company's resilient demand profile helps mitigate these risks, but careful monitoring is still warranted."
1002,BluePeak Solutions #0002,Logistics,France,0.1435,Low,"BluePeak Solutions #0002 has a relatively low default risk, with an estimated probability of default (PD) of 14.4%, driven by a favorable debt-to-coverage ratio and high revenue. However, the company's debt ratio of 0.55 raises some concerns, indicating a moderate level of indebtedness. The risk is further mitigated by the presence of a high-quality management team, although dependence on a few key accounts poses a potential vulnerability."
1003,Crestline Partners #0003,Consumer Finance,Netherlands,0.1069,Low,"Crestline Partners #0003 has a relatively low default risk, with an estimated probability of default (PD) of 10.7%, driven by its strong EBITDA margin, favorable debt-to-coverage ratio, and the relatively stable Consumer Finance sector. However, concerns are flagged due to the company's short operating history and declining revenue, which may pose potential risks to its financial stability. Despite these concerns, the company's overall risk profile remains in the low risk tier."
1004,Dune Finance #0004,Hospitality,Luxembourg,0.5723,High,"Dune Finance #0004 poses a high default risk, driven by its elevated debt ratio and debt-to-coverage ratio, which raise concerns about its ability to manage its debt burden. However, its EBITDA margin partially mitigates this risk, suggesting some capacity for generating earnings. The company's declining revenue and legacy debt burden further exacerbate its default risk, despite the stabilizing effect of its recurring subscription revenue."
1005,Evergreen Holdings #0005,Consumer Finance,Germany,0.4272,High,"Evergreen Holdings #0005 poses a high default risk, driven by its elevated debt ratio and debt-to-coverage ratio, which indicate potential cash flow struggles. However, its operation in the Consumer Finance sector slightly mitigates this risk. The company's weak liquidity position and dependence on a few key accounts further exacerbate its default risk, despite having long-term government contracts."
1006,Fjord Solutions #0006,Healthcare,Germany,0.0942,Low,"Fjord Solutions #0006 has a relatively low default risk, with an estimated probability of default (PD) of 9.4%, driven by its strong financial metrics, including a healthy EBITDA margin, debt-to-coverage ratio, and debt ratio. However, the company's exposure to volatile commodity prices and high customer concentration pose potential risks that could negatively impact its creditworthiness. These concerns may offset some of the positive effects of its favorable financial ratios."
1007,Granite Partners #0007,Consumer Finance,UK,0.092,Low,"Granite Partners #0007 has a relatively low default risk, with an estimated probability of default (PD) of 9.2%, driven by favorable debt-to-coverage, cash, and debt ratios. However, the company's weak liquidity position and tight cash position are flagged as concerns, which could potentially increase its default risk. Overall, the company's low risk tier classification is supported by its strong financial ratios, despite liquidity concerns."
1008,Harbor Finance #0008,Consumer Finance,Ireland,0.0938,Low,"Harbor Finance #0008 has a relatively low default risk, with an estimated probability of default (PD) of 9.4%, driven by its strong cash ratio, long years in operation, and manageable debt ratio. However, the company's tight cash position and margin compression are flagged as concerns, which could potentially offset some of the positive effects of its long-term government contracts. Overall, the company's low risk tier classification suggests that its established history and contract stability mitigate its default risk."
1009,Ironwood Holdings #0009,Renewable Energy,Ireland,0.1082,Low,"Ironwood Holdings #0009 has a relatively low default risk, with an estimated probability of default (PD) of 10.8%, driven by its favorable EBITDA margin and cash ratio. However, the company's high revenue raises its risk profile, and concerns around its legacy debt burden may also impact its creditworthiness. Overall, the presence of a high-quality management team is a positive factor that helps mitigate these risks."
1010,Lattice Solutions #0010,Manufacturing,Italy,0.0973,Low,"Lattice Solutions #0010 has a relatively low default risk, with an estimated probability of default (PD) of 9.7%, driven by favorable financial metrics such as a positive EBITDA margin, debt-to-coverage ratio, and debt ratio. However, the company's default risk is flagged for concern due to potential margin compression, which could negatively impact its financial health. Overall, the company's current financial profile suggests a low risk tier, but the margin compression risk warrants close monitoring."
1011,Mira Partners #0011,Software,Ireland,0.0972,Low,"Mira Partners #0011 has a relatively low default risk, with an estimated probability of default (PD) of 9.7%, driven by its strong EBITDA margin, favorable debt-to-coverage ratio, and profitable-growth profile. However, the company's weak liquidity position is a flagged concern that may elevate its default risk. Overall, the company's resilient demand profile helps to mitigate this concern, contributing to its low risk tier classification."
1012,Northstar Finance #0012,Manufacturing,Netherlands,0.3427,High,"Northstar Finance #0012 poses a high default risk, driven by its low EBITDA margin and high revenue, which suggest potential profitability and cash flow challenges. The company's exposure to volatile commodity prices and legacy debt burden further exacerbate its risk profile. However, its moderate debt ratio somewhat mitigates this risk, although it is not enough to offset the overall high risk tier classification."
1013,Orchid Holdings #0013,Crypto / Digital Assets,Luxembourg,0.0938,Low,"Orchid Holdings #0013 has a relatively low default risk, with an estimated probability of default (PD) of 9.4%, driven by its favorable debt-to-coverage ratio, low debt ratio of 0.30, and profitable-growth profile. However, concerns are flagged due to declining revenue and a weak liquidity position, which may potentially increase default risk. Overall, the company's default risk is currently mitigated by its strong financial metrics, but these concerns warrant close monitoring."
1014,Pinnacle Solutions #0014,Healthcare,Luxembourg,0.1338,Low,"Pinnacle Solutions #0014 has a relatively low default risk, with an estimated probability of default (PD) of 13.4%, driven by its profitable-growth profile and low debt ratio of 0.32. However, the debt-to-coverage ratio raises some concerns, indicating potential cash flow pressures. Additionally, the company's dependence on a few key accounts poses a risk, as the loss of these accounts could significantly impact its financial stability."
1015,Quartz Partners #0015,Hospitality,Luxembourg,0.0966,Low,"Quartz Partners #0015 has a relatively low default risk, with an estimated probability of default (PD) of 9.7%, driven by favorable debt-to-coverage, cash, and debt ratios. However, concerns are flagged due to regulatory uncertainty and a tight cash position, which may potentially increase risk. The company's low cash ratio of 0.18 is a particular area of concern, despite currently lowering its risk profile."
1016,Riverstone Finance #0016,Software,Italy,0.1018,Low,"Riverstone Finance #0016 has a relatively low default risk, with an estimated probability of default (PD) of 10.2%, driven by its strong EBITDA margin, profitable-growth profile, and favorable debt-to-coverage ratio. However, regulatory uncertainty poses a concern that may impact its risk profile. The company's stable supplier relationships are a positive factor that helps mitigate its default risk."
1017,Silverline Holdings #0017,Consumer Finance,Netherlands,0.094,Low,"Silverline Holdings #0017 has a relatively low default risk, with an estimated probability of default (PD) of 9.4%, driven by its low debt-to-coverage ratio and presence in the Consumer Finance sector. However, its thin EBITDA margin of 0.17 raises concerns about its ability to absorb potential shocks. Additionally, the company's exposure to volatile commodity prices and potential margin compression pose risks, although a high-quality management team is a mitigating factor."
1018,Tidewater Solutions #0018,Hospitality,Germany,0.0947,Low,"Tidewater Solutions #0018 has a relatively low default risk, with an estimated probability of default (PD) of 9.5%, driven by favorable financial metrics such as its debt-to-coverage ratio, cash ratio, and EBITDA margin. However, its short operating history raises concerns and may potentially increase its default risk. Overall, the company's financial health indicators outweigh the concerns, placing it in the low risk tier."
1019,Umbra Partners #0019,Healthcare,Luxembourg,0.1032,Low,"Umbra Partners #0019 has a relatively low default risk, driven by its profitable-growth profile, favorable debt-to-coverage ratio, and extensive years of operation. However, regulatory uncertainty poses a concern, which is somewhat mitigated by the company's long-term government contracts. Overall, these factors contribute to an estimated probability of default (PD) of 10.3%, categorizing the company as low risk."
1020,Vertex Finance #0020,Logistics,France,0.0954,Low,"Vertex Finance #0020 has a relatively low default risk, driven by its favorable debt-to-coverage ratio, cash ratio of 0.20, and EBITDA margin of 0.23, which all contribute to its estimated 9.5% probability of default. However, the company's tight cash position is a flagged concern that may potentially increase its default risk. Overall, its strong market position helps to mitigate this risk, placing it in the low risk tier."
1021,Aster Holdings #0021,Retail,Italy,0.1372,Low,"Aster Holdings #0021 has a relatively low default risk, with an estimated probability of default (PD) of 13.7%, driven by a favorable EBITDA margin that lowers risk. However, the company's tight cash position, as indicated by a low cash ratio, and a concerning debt-to-coverage ratio, raise its default risk. Additionally, its dependence on a few key accounts poses a flagged concern, highlighting potential vulnerability in its revenue stream."
1022,BluePeak Solutions #0022,Manufacturing,Spain,0.1016,Low,"BluePeak Solutions #0022 has a relatively low default risk, with an estimated probability of default (PD) of 10.2%, driven by its favorable debt ratio, profitable-growth profile, and healthy EBITDA margin. However, the company's dependence on a few key accounts and exposure to volatile commodity prices introduce potential vulnerabilities. These concerns may offset some of the positive risk drivers, but overall, the company remains in the low risk tier."
1023,Crestline Partners #0023,Consumer Finance,Ireland,0.0949,Low,"Crestline Partners #0023 has a relatively low default risk, driven by its favorable debt-to-coverage ratio and debt ratio of 0.25, which suggest a manageable debt burden. However, concerns around margin compression and a weak liquidity position may pose potential risks to the company's financial stability. Despite being classified in the low risk tier with an estimated PD of 9.5%, these flagged concerns warrant close monitoring."
1024,Dune Finance #0024,Crypto / Digital Assets,Netherlands,0.1167,Low,"Dune Finance #0024 has a relatively low default risk, with an estimated probability of default (PD) of 11.7%, driven by its favorable cash ratio and EBITDA margin, which both lower its risk profile. However, its debt-to-coverage ratio raises concerns, indicating potential vulnerability to debt repayment. Additionally, the company's exposure to volatile commodity prices and short operating history are flagged as concerns that may impact its overall creditworthiness."
1025,Evergreen Holdings #0025,Crypto / Digital Assets,Luxembourg,0.0988,Low,"Evergreen Holdings #0025 has a relatively low default risk, driven by its healthy EBITDA margin, cash ratio, and debt-to-coverage ratio. However, the company's exposure to volatile commodity prices poses a concern, which is somewhat mitigated by its recurring subscription revenue. Overall, these factors contribute to an estimated probability of default (PD) of 9.9%, categorizing it as low risk."
1026,Fjord Solutions #0026,Real Estate,Netherlands,0.1427,Low,"Fjord Solutions #0026 has a relatively low default risk, with an estimated probability of default (PD) of 14.3%, driven by a favorable debt ratio of 0.28. However, the company's short operating history and declining revenue growth raise concerns, potentially offsetting the positive impact of its resilient demand profile. Regulatory uncertainty also poses a threat, contributing to the overall risk assessment."
1027,Granite Partners #0027,Software,Ireland,0.118,Low,"Granite Partners #0027 has a relatively low default risk, driven by its strong EBITDA margin and profitable-growth profile, which suggest a stable financial foundation. However, the company's debt-to-coverage ratio raises some concerns, indicating potential cash flow pressures. Additionally, a tight cash position has been flagged, but the presence of a high-quality management team is a positive mitigating factor."
1028,Harbor Finance #0028,Manufacturing,Spain,0.1212,Low,"Harbor Finance #0028's default risk is relatively low, driven by its 19 years of operational experience and a cash ratio of 0.16, which mitigate its risk profile. However, the company's debt ratio of 0.59 increases its default risk, and external factors such as regulatory uncertainty and declining revenue also pose concerns. Overall, the company's estimated probability of default is 12.1%, categorizing it as low risk."
1029,Ironwood Holdings #0029,Hospitality,Italy,0.103,Low,"Ironwood Holdings #0029's default risk is relatively low, driven by its healthy EBITDA margin, debt-to-coverage ratio, and debt ratio, which all contribute to a low risk profile. However, the company's legacy debt burden and weak liquidity position are flagged as concerns, potentially offsetting some of the positive effects of its resilient demand profile. Overall, these factors result in an estimated probability of default (PD) of 10.3%, categorizing it as low risk."
1030,Lattice Solutions #0030,Healthcare,Luxembourg,0.095,Low,"Lattice Solutions #0030 has a relatively low default risk, driven by its healthy EBITDA margin, cash ratio, and debt-to-coverage ratio. However, the company's default risk is not negligible, with concerns around margin compression potentially impacting its financial stability. The presence of a high-quality management team is a positive factor that mitigates some of this risk."
1031,Mira Partners #0031,Retail,Italy,0.1218,Low,"Mira Partners #0031 has a relatively low default risk, with an estimated probability of default (PD) of 12.2%, driven by its favorable debt-to-coverage ratio and low debt ratio of 0.12. However, the company's profitable-growth profile and concerns around high customer concentration and margin compression introduce some risk. Overall, the presence of a high-quality management team helps mitigate these risks, contributing to its low risk tier classification."
1032,Northstar Finance #0032,Retail,Spain,0.1493,Low,"Northstar Finance #0032 has a relatively low default risk, with an estimated probability of default (PD) of 14.9%, placing it in the low risk tier. However, the company's short years in operation and high debt-to-coverage ratio raise concerns, while its decent EBITDA margin partially mitigates these risks. The flagged concern of margin compression may further exacerbate the default risk if not addressed."
1033,Orchid Holdings #0033,Renewable Energy,France,0.1287,Low,"Orchid Holdings #0033 has a relatively low default risk, with an estimated probability of default (PD) of 12.9%, driven by a favorable debt-to-coverage ratio and debt ratio of 0.29. However, the company's EBITDA margin is a concern, as a margin of 0.05 raises the risk of default. The flagged concern of margin compression suggests that this risk driver may continue to negatively impact the company's creditworthiness."
1034,Pinnacle Solutions #0034,Crypto / Digital Assets,Italy,0.1014,Low,"Pinnacle Solutions #0034 has a relatively low default risk, with an estimated probability of default (PD) of 10.1%, driven by its stable EBITDA margin, long operational history, and favorable debt-to-coverage ratio. However, the company's exposure to volatile commodity prices and weak liquidity position are flagged as concerns, which could potentially increase its default risk. Overall, these offsetting factors place the company in a low risk tier."
1035,Quartz Partners #0035,Healthcare,France,0.1247,Low,"Quartz Partners #0035 has a relatively low default risk, with an estimated probability of default (PD) of 12.5%, driven by its favorable debt-to-coverage ratio and low debt ratio of 0.27. However, the company's profitable-growth profile and tight cash position introduce some counterbalancing risks. The presence of recurring subscription revenue is a positive factor that helps mitigate these risks."
1036,Riverstone Finance #0036,Consumer Finance,France,0.0958,Low,"Riverstone Finance #0036 has a relatively low default risk, with an estimated probability of default (PD) of 9.6%, driven by its favorable debt-to-coverage ratio and EBITDA margin. However, its short operating history of only 2 years raises concerns and increases its default risk. The company's high-quality management team is a positive factor, but margin compression and limited operational experience are flagged as concerns."
1037,Silverline Holdings #0037,Healthcare,Ireland,0.0924,Low,"Silverline Holdings #0037 has a relatively low default risk, with an estimated probability of default (PD) of 9.2%, driven by its favorable debt-to-coverage ratio, low debt ratio of 0.29, and profitable-growth profile. However, concerns are flagged due to high customer concentration and margin compression, which could potentially offset these positive factors. Overall, the company's default risk is considered low, but these flagged concerns warrant ongoing monitoring."
1038,Tidewater Solutions #0038,Hospitality,Ireland,0.1011,Low,"Tidewater Solutions #0038 has a relatively low default risk, with an estimated probability of default (PD) of 10.1%, driven by its favorable debt-to-coverage ratio, lengthy years in operation (17 years), and moderate debt ratio (0.36). However, the company's exposure to volatile commodity prices poses a concern, potentially introducing uncertainty to its financial stability. Overall, its risk profile is classified as low risk, but the commodity price volatility warrants ongoing monitoring."
1039,Umbra Partners #0039,Software,Netherlands,0.2384,Medium,"Umbra Partners #0039 has a medium risk of default, driven by its high debt ratio and debt-to-coverage ratio, which raise concerns about its ability to meet financial obligations. However, its cash ratio partially mitigates this risk, suggesting some liquidity to fall back on. The company's short operating history also raises concerns, although its long-term government contracts provide some stability."
1040,Vertex Finance #0040,Real Estate,UK,0.1312,Low,"Vertex Finance #0040's default risk is relatively low, driven by a favorable debt ratio of 0.37 and a cash ratio of 0.13, which mitigate its default risk. However, the company's debt-to-coverage ratio raises concerns, and legacy debt burden is a flagged concern, suggesting potential vulnerabilities. Overall, the estimated probability of default (PD) of 13.1% reflects a low risk tier, balanced by the positive impact of recurring subscription revenue."
1041,Aster Holdings #0041,Software,Germany,0.2207,Medium,"Aster Holdings #0041 has a medium risk of default, driven by its high debt ratio and low debt-to-coverage ratio, which raise concerns about its ability to meet financial obligations. However, its 23 years of operation is a mitigating factor that lowers its default risk. Overall, the company's weak liquidity position and high debt levels contribute to its estimated 22.1% probability of default."
1042,BluePeak Solutions #0042,Hospitality,Germany,0.0937,Low,"BluePeak Solutions #0042 has a relatively low default risk, with an estimated probability of default (PD) of 9.4%, driven by favorable financial metrics such as its debt-to-coverage ratio, cash ratio, and debt ratio. However, the company's dependence on a few key accounts and legacy debt burden pose concerns that may impact its creditworthiness. Overall, its stable supplier relationships and strong financial ratios contribute to its low risk tier classification."
1043,Crestline Partners #0043,Logistics,Netherlands,0.1361,Low,"Crestline Partners #0043 has a relatively low default risk, driven by its strong cash ratio and high revenue, which mitigate its default risk. However, the company's debt ratio raises concerns, particularly given its legacy debt burden, suggesting that debt servicing could be a challenge. Overall, the company's low risk tier classification is supported by its positive attributes, including a high-quality management team."
1044,Dune Finance #0044,Retail,Luxembourg,0.11,Low,"Dune Finance #0044 has a relatively low default risk, with an estimated probability of default (PD) of 11.0%, driven by its favorable cash and debt ratios, which mitigate risk. However, the debt-to-coverage ratio raises concerns, suggesting potential cash flow pressures. Additionally, the company's high customer concentration and declining revenue are flagged as concerns, which could offset the positive effect of its diversified customer base."
1045,Evergreen Holdings #0045,Software,Italy,0.0929,Low,"Evergreen Holdings #0045 has a relatively low default risk, with an estimated probability of default (PD) of 9.3%, driven by favorable financial metrics such as its debt-to-coverage ratio, cash ratio, and debt ratio. However, regulatory uncertainty and declining revenue pose concerns that may impact the company's creditworthiness. The presence of recurring subscription revenue is a positive factor that helps mitigate these risks."
1046,Fjord Solutions #0046,Healthcare,France,0.0981,Low,"Fjord Solutions #0046 has a relatively low default risk, with an estimated probability of default (PD) of 9.8%, driven by its favorable debt-to-coverage ratio, profitable-growth profile, and moderate debt ratio of 0.32. However, the company's tight cash position is a flagged concern that may potentially increase its default risk. Overall, the company's risk profile is categorized as low risk, but the cash position warrants close monitoring."
1047,Granite Partners #0047,Logistics,Spain,0.1691,Medium,"Granite Partners #0047's default risk is moderate, driven by a concerning debt-to-coverage ratio and a high debt ratio of 0.55, which increase its risk of default. However, the company's cash ratio of 0.12 and recurring subscription revenue streams partially mitigate this risk. Overall, the company's estimated probability of default (PD) of 16.9% reflects a medium risk tier, influenced by declining revenue and these counterbalancing factors."
1048,Harbor Finance #0048,Software,Luxembourg,0.0938,Low,"Harbor Finance #0048 has a relatively low default risk, with an estimated probability of default (PD) of 9.4%, driven by its favorable debt-to-coverage ratio, 17 years of operational experience, and a positive EBITDA margin of 0.18. However, the company's tight cash position is a flagged concern that may elevate its default risk. Overall, its diversified customer base and other positive risk drivers contribute to its low risk tier classification."
1049,Ironwood Holdings #0049,Renewable Energy,France,0.1,Low,"Ironwood Holdings #0049 has a relatively low default risk, driven by its favorable debt-to-coverage ratio, low debt ratio of 0.15, and healthy EBITDA margin of 0.19. However, the company's dependence on a few key accounts and potential for margin compression pose concerns that may impact its creditworthiness. Overall, its diversified customer base helps mitigate these risks, contributing to its low risk tier classification with an estimated PD of 10.0%."
1050,Lattice Solutions #0050,Consumer Finance,France,0.0965,Low,"Lattice Solutions #0050 has a relatively low default risk, with an estimated probability of default (PD) of 9.7%, driven by favorable debt and debt-to-coverage ratios, as well as a healthy EBITDA margin of 0.20. However, concerns are flagged due to high customer concentration and margin compression, which could potentially offset these positive factors. Overall, the company's default risk is considered low, but these concerns warrant close monitoring."
